图片名称,食物名称,置信度,识别耗时(秒),热量(kcal),蛋白质(g),脂肪(g),碳水化合物(g)
img-0-13113t1.jpg,苦瓜炒豆腐,100.0%,0.28,180,12,8,10
img-0-13139t2.jpg,苦瓜炒豆腐,100.0%,0.04,180,12,8,10
img-0-13175t1.jpg,苦瓜炒豆腐,99.0%,0.05,180,12,8,10
img-1-2282t2.jpg,芝士蛋糕,94.1%,0.05,320,6,22,25
img-1-5261t1.jpg,泰式绿咖喱,99.9%,0.05,450,18,32,20
img-1-68696t2.jpg,泰式绿咖喱,51.8%,0.05,450,18,32,20
img-10-3077t2.jpg,海鲜饭,98.1%,0.01,550,30,18,65
img-10-70186t1.jpg,海鲜饭,77.8%,0.02,550,30,18,65
img-10-73955t2.jpg,海鲜饭,85.4%,0.01,550,30,18,65
img-100-201264t2.jpg,三鲜盖浇饭,99.5%,0.01,500,20,18,60
img-100-222754t1.jpg,番茄汤饭,45.6%,0.01,300,8,10,45
img-100-315834t2.jpg,三鲜盖浇饭,100.0%,0.01,500,20,18,60
img-101-137750t1.jpg,待定,60.7%,0.01,250,10,8,35
img-102-132442t2.jpg,叉烧盖饭,27.9%,0.01,600,30,25,60
img-102-313058t1.jpg,叉烧盖饭,89.2%,0.01,600,30,25,60
img-103-131939t2.jpg,烤肉拌饭,99.9%,0.01,550,25,20,55
img-103-180198t1.jpg,烤肉拌饭,74.1%,0.01,550,25,20,55
img-103-310820t2.jpg,烤肉拌饭,99.1%,0.01,550,25,20,55
img-104-133264t1.jpg,中式煎蛋,98.1%,0.01,150,12,11,2
img-104-181612t2.jpg,中式煎蛋,72.2%,0.01,150,12,11,2
img-104-308708t1.jpg,中式煎蛋,48.4%,0.01,150,12,11,2
img-105-119469t2.jpg,炸鸡腿,82.1%,0.01,320,20,18,15
img-105-244693t1.jpg,炸鸡腿,59.7%,0.01,320,20,18,15
img-106-133662t2.jpg,酱汁鸡肉盖饭,97.4%,0.01,580,28,22,65
img-106-201777t1.jpg,酱汁鸡肉盖饭,99.8%,0.01,580,28,22,65
img-107-201733t1.jpg,烧腊盖饭,99.9%,0.01,650,35,30,55
img-107-309765t2.jpg,烧腊盖饭,96.5%,0.01,650,35,30,55
img-107-81301t2.jpg,烧腊盖饭,53.0%,0.01,650,35,30,55
img-108-11199t1.jpg,土豆粉,57.3%,0.01,200,5,6,35
img-108-1923t1.jpg,土豆粉,100.0%,0.01,200,5,6,35
img-108-1946t2.jpg,土豆粉,99.8%,0.01,200,5,6,35
img-109-243887t1.jpg,卤肉饭,98.5%,0.01,600,25,30,55
img-109-245639t2.jpg,红烧肉盖饭,68.6%,0.01,700,40,35,60
img-109-312305t1.jpg,红烧肉盖饭,89.9%,0.01,700,40,35,60
img-109-65891t2.jpg,红烧肉盖饭,77.8%,0.01,700,40,35,60
img-11-264630t2.jpg,汤面,99.9%,0.01,350,12,10,45
img-11-264755t1.jpg,汤面,99.6%,0.01,350,12,10,45
img-11-265039t2.jpg,炖豆腐,74.3%,0.01,150,12,8,10
img-11-76742t1.jpg,汤面,100.0%,0.01,350,12,10,45
img-110-115942t2.jpg,混沌,100.0%,0.01,300,15,12,35
img-110-116288t1.jpg,混沌,45.5%,0.01,300,15,12,35
img-110-127118t2.jpg,混沌,99.7%,0.01,300,15,12,35
img-111-141458t1.jpg,鸭腿饭,82.0%,0.01,550,30,25,45
img-111-202026t2.jpg,鸭腿饭,99.2%,0.01,550,30,25,45
img-112-125761t1.jpg,果干面包,25.3%,0.01,280,7,5,50
img-112-248253t2.jpg,青木瓜沙拉,59.6%,0.01,80,2,4,10
img-112-317777t1.jpg,蛋炒饭,87.7%,0.01,400,15,12,55
img-113-140246t2.jpg,炒饼丝,99.9%,0.01,350,10,15,40
img-113-202938t1.jpg,炒饼丝,75.2%,0.01,350,10,15,40
img-114-255738t2.jpg,奶油蔬菜汤,97.3%,0.01,180,6,12,12
img-114-312772t1.jpg,奶油蔬菜汤,99.9%,0.01,180,6,12,12
img-115-162323t2.jpg,牛肉汤,96.1%,0.01,150,20,8,5
img-115-163227t1.jpg,牛肉汤,100.0%,0.01,150,20,8,5
img-115-266478t2.jpg,牛肉汤,99.5%,0.01,150,20,8,5
img-116-167317t1.jpg,牛肉汤面,98.0%,0.01,450,25,15,50
img-116-168615t2.jpg,炒方便面,51.8%,0.01,420,10,18,50
img-116-320987t1.jpg,牛肉汤面,99.9%,0.01,450,25,15,50
img-117-202734t2.jpg,番茄汤饭,100.0%,0.01,300,8,10,45
img-117-203774t1.jpg,番茄汤饭,99.8%,0.01,300,8,10,45
img-117-266860t2.jpg,番茄汤饭,99.4%,0.01,300,8,10,45
img-118-248763t1.jpg,炸春卷,86.6%,0.01,200,6,12,18
img-118-268607t2.jpg,炸春卷,96.9%,0.01,200,6,12,18
img-119-2012t1.jpg,土豆粉,85.3%,0.01,200,5,6,35
img-119-2044t2.jpg,天妇罗拉面,96.9%,0.01,550,25,20,60
img-119-2077t1.jpg,天妇罗拉面,54.2%,0.01,550,25,20,60
img-12-13950t1.jpg,鱼糕棒,83.8%,0.01,180,10,8,15
img-120-168818t2.jpg,肠粉,99.9%,0.01,150,5,4,25
img-120-211496t1.jpg,肠粉,82.1%,0.01,150,5,4,25
img-121-168993t2.jpg,叻沙,51.8%,0.01,450,20,25,40
img-121-204560t1.jpg,炸虾,97.3%,0.01,220,15,12,15
img-121-205445t2.jpg,地三鲜,80.3%,0.01,180,4,10,20
img-121-266589t1.jpg,炸虾,99.9%,0.01,220,15,12,15
img-122-169214t2.jpg,包子,95.4%,0.01,200,8,5,30
img-122-207495t1.jpg,包子,80.9%,0.01,200,8,5,30
img-122-208049t2.jpg,卤肉面,50.4%,0.01,550,22,25,55
img-123-169510t1.jpg,炸豆皮寿司,60.1%,0.01,220,5,9,30
img-124-225984t2.jpg,中式点心,100.0%,0.01,250,4,10,35
img-124-268789t1.jpg,中式点心,100.0%,0.01,250,4,10,35
img-125-263443t2.jpg,汤圆,100.0%,0.01,150,2,5,25
img-125-269603t1.jpg,汤圆,99.2%,0.01,150,2,5,25
img-126-215098t2.jpg,西式风味盖饭,96.3%,0.01,500,25,20,55
img-126-216840t1.jpg,西式风味盖饭,61.2%,0.01,500,25,20,55
img-126-272943t2.jpg,西式风味盖饭,100.0%,0.01,500,25,20,55
img-127-216872t1.jpg,咖喱牛肉饭,99.7%,0.01,500,25,20,55
img-127-218135t2.jpg,奶油蛋糕,53.4%,0.01,350,6,20,40
img-127-219147t1.jpg,奶油蛋糕,49.4%,0.01,350,6,20,40
img-127-220090t2.jpg,奶油蛋糕,90.2%,0.01,350,6,20,40
img-128-209311t1.jpg,烤鱼,33.9%,0.01,220,30,10,2
img-128-212798t2.jpg,糖霜油炸小点心,99.9%,0.01,280,3,15,35
img-128-273578t1.jpg,糖霜油炸小点心,99.3%,0.01,280,3,15,35
img-129-218131t2.jpg,荷叶包饭,99.8%,0.01,300,12,8,45
img-129-222211t1.jpg,荷叶包饭,85.8%,0.01,300,12,8,45
img-129-273063t2.jpg,手擀面,81.1%,0.01,300,10,5,55
img-13-71833t1.jpg,蔬菜咖喱饭,98.2%,0.01,400,12,15,55
img-13-72633t2.jpg,蔬菜咖喱饭,61.8%,0.01,400,12,15,55
img-13-9221t2.jpg,蔬菜咖喱饭,100.0%,0.01,400,12,15,55
img-130-10906t1.jpg,荞麦面,63.7%,0.01,180,8,2,35
img-130-2146t1.jpg,荞麦面,89.0%,0.01,180,8,2,35
img-130-9162t2.jpg,荞麦面,100.0%,0.01,180,8,2,35
img-131-225405t2.jpg,寿司,99.9%,0.01,200,8,3,35
img-131-274652t1.jpg,苏格兰蛋,65.5%,0.01,320,20,22,10
img-132-221812t2.jpg,牛肉炖菜,100.0%,0.01,280,25,15,12
img-132-269643t1.jpg,牛肉炖菜,96.0%,0.01,280,25,15,12
img-132-274024t2.jpg,牛肉炖菜,99.4%,0.01,280,25,15,12
img-133-281356t1.jpg,炒五花肉,75.2%,0.01,350,20,28,8
img-133-286950t2.jpg,炒五花肉,93.0%,0.01,350,20,28,8
img-134-236887t1.jpg,炸春卷,99.9%,0.01,200,6,12,18
img-134-267374t2.jpg,炸春卷,53.9%,0.01,200,6,12,18
img-134-276340t1.jpg,炸春卷,70.3%,0.01,200,6,12,18
img-135-225561t2.jpg,布朗尼,83.7%,0.01,400,6,25,45
img-135-268280t1.jpg,布朗尼,99.3%,0.01,400,6,25,45
img-135-287149t2.jpg,炸鸡腿,95.0%,0.01,320,20,18,15
img-136-223466t1.jpg,吉事果,99.9%,0.01,180,3,8,25
img-136-225087t2.jpg,吉事果,80.1%,0.01,180,3,8,25
img-137-231903t1.jpg,西班牙海鲜饭,97.7%,0.01,500,30,20,50
img-137-315552t2.jpg,燕麦粥,26.5%,0.01,150,6,3,25
img-137-321915t1.jpg,西班牙海鲜饭,24.4%,0.01,500,30,20,50
img-138-289499t2.jpg,炒方便面,80.3%,0.01,420,10,18,50
img-138-295259t1.jpg,蛋炒饭,98.8%,0.01,400,15,12,55
img-138-299810t2.jpg,蛋炒饭,100.0%,0.01,400,15,12,55
img-139-243762t1.jpg,炸鸡,77.3%,0.01,350,25,20,15
img-139-313177t2.jpg,炸鸡,60.1%,0.01,350,25,20,15
img-14-14640t2.jpg,松饼,98.6%,0.01,220,5,8,32
img-14-9952t1.jpg,松饼,99.8%,0.01,220,5,8,32
img-140-237543t1.jpg,烤鸡,97.9%,0.01,250,30,12,2
img-140-268891t2.jpg,中式煎蛋,87.3%,0.01,150,12,11,2
img-140-277841t1.jpg,烤鸡,96.8%,0.01,250,30,12,2
img-140-279587t2.jpg,烤鸡,98.0%,0.01,250,30,12,2
img-141-11382t2.jpg,咖喱海鲜汤,62.6%,0.01,200,15,10,15
img-141-11605t1.jpg,日式豚骨拉面,99.6%,0.01,600,35,25,60
img-141-13777t2.jpg,日式豚骨拉面,99.9%,0.01,600,35,25,60
img-141-15029t1.jpg,日式豚骨拉面,64.5%,0.01,600,35,25,60
img-141-15914t2.jpg,生鱼片,62.5%,0.01,120,20,4,0
img-141-2239t1.jpg,汤圆,55.8%,0.01,150,2,5,25
img-141-2248t2.jpg,混沌,82.5%,0.01,300,15,12,35
img-141-9123t1.jpg,意大利面,75.0%,0.01,350,15,10,50
img-142-247075t1.jpg,印尼鸡肉粥,99.9%,0.01,200,15,8,20
img-142-247933t2.jpg,印尼鸡肉粥,99.9%,0.01,200,15,8,20
img-142-280234t1.jpg,印尼鸡肉粥,100.0%,0.01,200,15,8,20
img-143-232153t2.jpg,咖喱牛肉,96.9%,0.01,450,30,25,30
img-143-233727t1.jpg,咖喱牛肉,91.9%,0.01,450,30,25,30
img-143-303922t2.jpg,咖喱牛肉,96.8%,0.01,450,30,25,30
img-144-236574t1.jpg,叻沙,100.0%,0.01,450,20,25,40
img-144-238445t2.jpg,叻沙,100.0%,0.01,450,20,25,40
img-144-320496t1.jpg,土豆烧牛肉,37.1%,0.01,300,25,15,20
img-145-254307t2.jpg,中式拌面,100.0%,0.01,380,12,15,45
img-145-269264t1.jpg,中式拌面,99.2%,0.01,380,12,15,45
img-145-319879t2.jpg,中式拌面,94.9%,0.01,380,12,15,45
img-146-235735t1.jpg,炒方便面,99.5%,0.01,420,10,18,50
img-146-317876t2.jpg,炒方便面,97.4%,0.01,420,10,18,50
img-147-247937t1.jpg,印尼什锦饭,100.0%,0.01,350,15,12,45
img-147-249651t2.jpg,印尼什锦饭,94.2%,0.01,350,15,12,45
img-148-248642t1.jpg,印尼什锦饭,91.8%,0.01,350,15,12,45
img-148-291568t2.jpg,印尼什锦饭,97.2%,0.01,350,15,12,45
img-149-242170t1.jpg,印尼炒饭,87.5%,0.01,400,18,15,50
img-149-242866t2.jpg,印尼炒饭,94.3%,0.01,400,18,15,50
img-149-271178t1.jpg,印尼炒饭,99.1%,0.01,400,18,15,50
img-15-5591t1.jpg,番茄汤饭,45.8%,0.01,300,8,10,45
img-15-8955t2.jpg,什锦炒饭,68.0%,0.01,420,15,12,60
img-150-253651t2.jpg,印尼什锦饭,99.5%,0.01,350,15,12,45
img-150-254886t1.jpg,印尼什锦饭,100.0%,0.01,350,15,12,45
img-150-256519t2.jpg,印尼什锦饭,99.5%,0.01,350,15,12,45
img-151-251979t1.jpg,烘焙面包,100.0%,0.01,250,8,5,45
img-151-253017t2.jpg,烘焙面包,76.9%,0.01,250,8,5,45
img-151-253985t1.jpg,烘焙面包,98.3%,0.01,250,8,5,45
img-152-2314t2.jpg,日式豚骨拉面,80.1%,0.01,600,35,25,60
img-152-2345t1.jpg,日式豚骨拉面,97.1%,0.01,600,35,25,60
img-152-2363t2.jpg,蔬菜沙拉,40.9%,0.01,90,3,5,8
img-152-9257t1.jpg,日式豚骨拉面,63.9%,0.01,600,35,25,60
img-153-253042t2.jpg,炖排骨,99.2%,0.01,300,25,20,10
img-153-255602t1.jpg,炖排骨,99.9%,0.01,300,25,20,10
img-154-258664t2.jpg,炒鸡蛋,97.9%,0.01,150,12,11,2
img-154-259863t1.jpg,吉事果,20.0%,0.01,180,3,8,25
img-155-322679t2.jpg,炒拉面,99.8%,0.01,400,15,18,45
img-155-324871t1.jpg,炒方便面,66.2%,0.01,420,10,18,50
img-155-325910t2.jpg,炒拉面,94.8%,0.01,400,15,18,45
img-155-338333t1.jpg,炒拉面,99.9%,0.01,400,15,18,45
img-156-322901t2.jpg,风味凉拌菜,90.5%,0.01,90,3,5,8
img-156-325052t1.jpg,炸酱面,100.0%,0.01,450,20,20,50
img-156-326027t2.jpg,炸酱面,99.6%,0.01,450,20,20,50
img-157-322994t1.jpg,宫保鸡丁,99.8%,0.01,350,25,18,20
img-157-324207t2.jpg,红烧肉盖饭,68.7%,0.01,700,40,35,60
img-157-326778t1.jpg,宫保鸡丁,100.0%,0.01,350,25,18,20
img-157-341179t2.jpg,宫保鸡丁,94.8%,0.01,350,25,18,20
img-158-323306t1.jpg,油条,91.8%,0.01,250,5,15,25
img-158-323959t2.jpg,油条,72.2%,0.01,250,5,15,25
img-158-338360t1.jpg,天妇罗盖饭,70.0%,0.01,600,25,25,65
img-159-330681t2.jpg,红烧茄子,94.8%,0.01,180,5,10,20
img-159-331865t1.jpg,红烧茄子,94.2%,0.01,180,5,10,20
img-16-7140t1.jpg,可丽饼,96.9%,0.01,300,7,12,40
img-16-80610t1.jpg,可丽饼,100.0%,0.01,300,7,12,40
img-16-9780t2.jpg,可丽饼,99.8%,0.01,300,7,12,40
img-160-327696t2.jpg,炒牛蛙,95.6%,0.01,200,25,10,5
img-160-329572t1.jpg,炒牛蛙,99.9%,0.01,200,25,10,5
img-161-330968t2.jpg,炖豆腐,97.6%,0.01,150,12,8,10
img-161-331989t1.jpg,炖豆腐,59.1%,0.01,150,12,8,10
img-161-334823t2.jpg,炖豆腐,53.3%,0.01,150,12,8,10
img-162-327393t1.jpg,油炸虾,96.3%,0.01,220,15,12,15
img-162-327818t2.jpg,烧腊盖饭,56.2%,0.01,650,35,30,55
img-163-2404t1.jpg,中式煎蛋,99.7%,0.01,150,12,11,2
img-163-2452t2.jpg,中式煎蛋,95.1%,0.01,150,12,11,2
img-164-331715t1.jpg,煎三文鱼,100.0%,0.01,280,30,16,2
img-164-333296t2.jpg,煎三文鱼,98.9%,0.01,280,30,16,2
img-164-340950t1.jpg,煎三文鱼,98.8%,0.01,280,30,16,2
img-164-341077t2.jpg,煎三文鱼,99.1%,0.01,280,30,16,2
img-165-335705t1.jpg,红烧狮子头,100.0%,0.01,380,25,28,10
img-165-335810t2.jpg,红烧狮子头,99.9%,0.01,380,25,28,10
img-165-336142t1.jpg,红烧狮子头,100.0%,0.01,380,25,28,10
img-165-336546t2.jpg,红烧狮子头,99.9%,0.01,380,25,28,10
img-166-335031t1.jpg,菌菇汤羹,60.4%,0.01,100,5,4,12
img-166-335858t2.jpg,冬瓜肉丸汤,99.8%,0.01,120,12,6,8
img-166-336704t1.jpg,冬瓜肉丸汤,100.0%,0.01,120,12,6,8
img-167-330970t2.jpg,山药蒸排骨,100.0%,0.01,250,20,15,12
img-167-340297t1.jpg,炖排骨,78.3%,0.01,300,25,20,10
img-168-330046t2.jpg,南瓜饼,100.0%,0.01,180,3,8,25
img-168-330735t1.jpg,南瓜饼,99.7%,0.01,180,3,8,25
img-169-337091t2.jpg,八宝饭,91.5%,0.01,300,6,5,60
img-169-337504t1.jpg,八宝饭,99.8%,0.01,300,6,5,60
img-169-337960t2.jpg,八宝饭,100.0%,0.01,300,6,5,60
img-169-338069t1.jpg,八宝饭,100.0%,0.01,300,6,5,60
img-17-98265t2.jpg,冰淇淋杯,44.1%,0.01,200,4,10,25
img-17-98823t1.jpg,红丝绒蛋糕,100.0%,0.01,350,5,18,42
img-170-334044t2.jpg,番茄汤饭,69.9%,0.01,300,8,10,45
img-170-334465t1.jpg,菌菇汤羹,98.4%,0.01,100,5,4,12
img-171-2506t2.jpg,风味凉拌菜,99.2%,0.01,90,3,5,8
img-171-2561t1.jpg,炒面条,48.3%,0.01,380,12,15,45
img-171-2583t2.jpg,炒面条,99.6%,0.01,380,12,15,45
img-172-14713t1.jpg,意大利面,94.5%,0.01,350,15,10,50
img-172-2597t1.jpg,意大利面,82.5%,0.01,350,15,10,50
img-172-2675t2.jpg,意大利面,99.8%,0.01,350,15,10,50
img-173-2702t2.jpg,日式大阪烧,100.0%,0.01,300,12,15,30
img-173-2784t1.jpg,牛排,97.3%,0.01,300,35,18,0
img-174-2802t2.jpg,章鱼烧,99.0%,0.01,150,8,8,12
img-174-2889t1.jpg,章鱼烧,99.9%,0.01,150,8,8,12
img-175-12656t2.jpg,蛋炒饭,99.9%,0.01,400,15,12,55
img-175-208t2.jpg,意大利烩饭,74.2%,0.01,400,14,16,50
img-175-275t1.jpg,日式牛肉饭,72.4%,0.01,600,35,25,55
img-176-2914t1.jpg,焗烤菜,99.4%,0.01,320,20,22,15
img-176-2949t2.jpg,焗烤菜,100.0%,0.01,320,20,22,15
img-176-2989t1.jpg,焗烤菜,99.5%,0.01,320,20,22,15
img-177-3002t2.jpg,白菜炒肉,54.0%,0.01,200,15,12,10
img-177-3060t1.jpg,白菜炒肉,88.8%,0.01,200,15,12,10
img-178-16062t2.jpg,炸肉排,66.7%,0.01,380,25,25,15
img-178-3094t2.jpg,炸肉排,94.0%,0.01,380,25,25,15
img-178-3114t1.jpg,炸肉排,63.2%,0.01,380,25,25,15
img-179-3223t1.jpg,照烧茄子,81.1%,0.01,150,5,8,18
img-179-3288t2.jpg,照烧茄子,58.4%,0.01,150,5,8,18
img-18-12263t2.jpg,日式丼饭,55.8%,0.01,550,30,20,50
img-18-75875t1.jpg,草莓蛋糕,69.8%,0.01,280,4,15,32
img-180-3343t1.jpg,红烧油面筋,33.1%,0.01,220,8,12,20
img-180-3361t2.jpg,炒菠菜,99.8%,0.01,80,5,4,8
img-181-3395t1.jpg,日式天妇罗,80.9%,0.01,250,8,15,20
img-181-3470t2.jpg,卤肉面,75.8%,0.01,550,22,25,55
img-181-3482t1.jpg,日式天妇罗,100.0%,0.01,250,8,15,20
img-182-11156t2.jpg,日式天妇罗,53.0%,0.01,250,8,15,20
img-182-12566t1.jpg,综合蔬菜汤,21.6%,0.01,80,3,1,14
img-182-13745t2.jpg,番茄蔬菜汤,58.4%,0.01,90,3,2,16
img-182-14240t1.jpg,味噌汤,100.0%,0.01,50,4,2,5
img-182-14513t2.jpg,味噌汤,82.0%,0.01,50,4,2,5
img-182-14881t1.jpg,味噌汤,99.7%,0.01,50,4,2,5
img-182-15293t2.jpg,生鱼片,28.1%,0.01,120,20,4,0
img-182-15777t1.jpg,凉拌土豆丝,47.2%,0.01,100,2,5,12
img-182-15936t2.jpg,蔬菜汤,60.4%,0.01,80,3,2,12
img-182-3494t1.jpg,日式什锦火锅,91.0%,0.01,300,20,15,20
img-182-3534t2.jpg,味噌汤,40.1%,0.01,50,4,2,5
img-182-3574t1.jpg,排骨汤,42.6%,0.01,150,15,8,5
img-182-5491t2.jpg,包子,59.0%,0.01,200,8,5,30
img-182-87t2.jpg,红豆羹,96.1%,0.01,120,4,1,25
img-182-9216t1.jpg,味噌汤,64.4%,0.01,50,4,2,5
img-183-3628t1.jpg,奶油蘑菇汤,97.5%,0.01,180,6,14,10
img-183-3640t2.jpg,奶油蘑菇汤,97.4%,0.01,180,6,14,10
img-183-3681t1.jpg,奶油蘑菇汤,96.4%,0.01,180,6,14,10
img-184-15088t2.jpg,烤香肠,99.2%,0.01,280,15,22,5
img-184-3710t2.jpg,烤香肠,94.6%,0.01,280,15,22,5
img-184-3786t1.jpg,烤香肠,99.9%,0.01,280,15,22,5
img-185-15621t2.jpg,关东煮,52.9%,0.01,120,10,5,10
img-185-3822t1.jpg,关东煮,81.8%,0.01,120,10,5,10
img-186-15588t1.jpg,亲子丼,99.8%,0.01,500,30,20,45
img-186-340t1.jpg,亲子丼,100.0%,0.01,500,30,20,45
img-186-382t2.jpg,亲子丼,100.0%,0.01,500,30,20,45
img-187-3911t2.jpg,蛋包饭,94.3%,0.01,450,20,15,55
img-187-3969t1.jpg,蛋包饭,96.5%,0.01,450,20,15,55
img-188-4016t2.jpg,红烧油面筋,98.6%,0.01,220,8,12,20
img-188-4085t1.jpg,红烧油面筋,99.4%,0.01,220,8,12,20
img-189-14083t1.jpg,煎饺,87.7%,0.01,280,12,15,25
img-189-15302t2.jpg,沙嗲,77.4%,0.01,200,20,12,5
img-189-4118t2.jpg,烤秋刀鱼,58.0%,0.01,180,25,8,2
img-189-4157t1.jpg,煎饺,100.0%,0.01,280,12,15,25
img-189-4184t2.jpg,煎饺,82.3%,0.01,280,12,15,25
img-19-184882t1.jpg,芝士蛋糕,99.8%,0.01,320,6,22,25
img-19-71493t2.jpg,芝士蛋糕,99.6%,0.01,320,6,22,25
img-19-7367t2.jpg,芝士蛋糕,99.9%,0.01,320,6,22,25
img-19-7878t1.jpg,芝士蛋糕,92.6%,0.01,320,6,22,25
img-190-4259t1.jpg,牛肉炖菜,96.4%,0.01,280,25,15,12
img-190-4289t2.jpg,蔬菜沙拉,71.9%,0.01,90,3,5,8
img-191-4342t1.jpg,披萨,46.8%,0.01,300,15,12,35
img-191-4374t2.jpg,日式烧肉,100.0%,0.01,350,30,25,8
img-192-4434t1.jpg,炒饼丝,56.4%,0.01,350,10,15,40
img-192-4474t2.jpg,炸鱼排,44.6%,0.01,300,25,18,15
img-193-4510t1.jpg,煎鱼肉,99.9%,0.01,200,25,10,2
img-193-4570t2.jpg,煎鱼肉,99.9%,0.01,200,25,10,2
img-194-4594t1.jpg,寿司,97.0%,0.01,200,8,3,35
img-194-4621t2.jpg,煎鱼肉,83.3%,0.01,200,25,10,2
img-194-4648t1.jpg,煎鱼肉,100.0%,0.01,200,25,10,2
img-195-4699t2.jpg,日式丼饭,31.2%,0.01,550,30,20,50
img-195-4739t1.jpg,生鱼片,100.0%,0.01,120,20,4,0
img-195-4767t2.jpg,生鱼片,100.0%,0.01,120,20,4,0
img-196-4809t1.jpg,烤秋刀鱼,96.9%,0.01,180,25,8,2
img-196-4830t2.jpg,烤秋刀鱼,100.0%,0.01,180,25,8,2
img-196-4864t1.jpg,烤秋刀鱼,100.0%,0.01,180,25,8,2
img-196-4925t2.jpg,烤秋刀鱼,96.3%,0.01,180,25,8,2
img-197-4997t1.jpg,寿喜烧,100.0%,0.01,400,30,25,15
img-197-5025t2.jpg,寿喜烧,99.8%,0.01,400,30,25,15
img-197-5083t1.jpg,寿喜烧,99.4%,0.01,400,30,25,15
img-198-5141t2.jpg,青椒炒肉,99.7%,0.01,220,18,15,8
img-198-5165t1.jpg,青椒炒肉,99.6%,0.01,220,18,15,8
img-198-5184t2.jpg,青椒炒肉,100.0%,0.01,220,18,15,8
img-199-5250t1.jpg,生金枪鱼片,53.2%,0.01,150,30,3,0
img-199-5266t2.jpg,章鱼烧,44.3%,0.01,150,8,8,12
img-2-1021t1.jpg,卤肉面,100.0%,0.01,550,22,25,55
img-2-3732t2.jpg,卤肉面,95.6%,0.01,550,22,25,55
img-2-5916t1.jpg,卤肉面,94.8%,0.01,550,22,25,55
img-2-67819t2.jpg,卤肉面,100.0%,0.01,550,22,25,55
img-20-11069t2.jpg,风味吐司,99.6%,0.01,250,8,9,35
img-20-1121t2.jpg,风味吐司,100.0%,0.01,250,8,9,35
img-20-1192t1.jpg,贝果,20.8%,0.01,250,10,2,48
img-20-14718t1.jpg,中式点心,19.8%,0.01,250,4,10,35
img-200-5312t1.jpg,鸡蛋羹,85.6%,0.01,80,8,5,2
img-200-5367t2.jpg,鸡蛋羹,95.7%,0.01,80,8,5,2
img-201-5393t1.jpg,天妇罗,98.5%,0.01,250,8,15,20
img-201-5477t2.jpg,天妇罗,89.6%,0.01,250,8,15,20
img-202-5534t1.jpg,韩式炸鸡,97.4%,0.01,350,25,20,15
img-202-5581t2.jpg,韩式炸鸡,98.0%,0.01,350,25,20,15
img-203-14890t1.jpg,照烧茄子,59.1%,0.01,150,5,8,18
img-203-5618t1.jpg,炸猪排,86.1%,0.01,450,25,30,20
img-203-7263t2.jpg,鱼糕棒,36.0%,0.01,180,10,8,15
img-204-5704t2.jpg,印尼鸡肉粥,30.7%,0.01,200,15,8,20
img-204-5722t1.jpg,红烧鱼,99.5%,0.01,250,30,12,5
img-204-5760t2.jpg,红烧鱼,100.0%,0.01,250,30,12,5
img-205-5808t1.jpg,清蒸鱼,99.5%,0.01,180,28,6,2
img-205-5837t2.jpg,清蒸鱼,60.0%,0.01,180,28,6,2
img-205-5870t1.jpg,清蒸鱼,80.5%,0.01,180,28,6,2
img-206-5892t2.jpg,土豆烧牛肉,99.9%,0.01,300,25,15,20
img-206-5920t1.jpg,土豆烧牛肉,99.7%,0.01,300,25,15,20
img-206-5967t2.jpg,土豆烧牛肉,49.5%,0.01,300,25,15,20
img-207-13790t2.jpg,手擀面,42.1%,0.01,300,10,5,55
img-207-6010t1.jpg,海苔,91.2%,0.01,35,6,1,5
img-207-6028t2.jpg,烤牛排,93.0%,0.01,300,35,18,0
img-207-6076t1.jpg,烤牛排,95.6%,0.01,300,35,18,0
img-208-6111t1.jpg,牛排,99.9%,0.01,300,35,18,0
img-208-6144t2.jpg,牛排,99.8%,0.01,300,35,18,0
img-209-6224t1.jpg,烤鱼,99.2%,0.01,220,30,10,2
img-209-6285t2.jpg,烤鱼,100.0%,0.01,220,30,10,2
img-21-18487t2.jpg,草莓蛋糕,100.0%,0.01,280,4,15,32
img-21-79620t1.jpg,草莓蛋糕,51.1%,0.01,280,4,15,32
img-210-15165t1.jpg,煎猪排,99.9%,0.01,320,30,20,5
img-210-6324t1.jpg,煎猪排,99.8%,0.01,320,30,20,5
img-210-6373t2.jpg,煎猪排,99.9%,0.01,320,30,20,5
img-211-11188t2.jpg,麻婆豆腐,100.0%,0.01,200,12,12,10
img-211-6418t2.jpg,麻婆豆腐,100.0%,0.01,200,12,12,10
img-211-6463t1.jpg,麻婆豆腐,96.6%,0.01,200,12,12,10
img-212-6497t1.jpg,日式烧鸟,99.7%,0.01,180,20,10,5
img-212-6519t2.jpg,日式烧鸟,99.8%,0.01,180,20,10,5
img-212-6581t1.jpg,日式烧鸟,89.1%,0.01,180,20,10,5
img-213-6612t2.jpg,土豆沙拉,71.1%,0.01,150,4,8,15
img-213-6673t1.jpg,菜包肉,99.9%,0.01,280,25,18,8
img-214-14925t2.jpg,玉子烧,71.5%,0.01,150,12,10,5
img-214-6734t2.jpg,玉子烧,90.1%,0.01,150,12,10,5
img-214-6767t1.jpg,玉子烧,99.1%,0.01,150,12,10,5
img-215-6828t1.jpg,煎蛋,98.6%,0.01,90,6,7,1
img-215-6876t2.jpg,煎蛋,100.0%,0.01,90,6,7,1
img-215-6987t1.jpg,面条,77.0%,0.01,280,9,2,55
img-215-7188t2.jpg,煎蛋,94.9%,0.01,90,6,7,1
img-216-13887t2.jpg,纳豆,100.0%,0.01,200,18,10,15
img-216-7337t1.jpg,纳豆,100.0%,0.01,200,18,10,15
img-216-7358t2.jpg,纳豆,99.4%,0.01,200,18,10,15
img-216-7379t1.jpg,炖豆腐,81.4%,0.01,150,12,8,10
img-217-14554t1.jpg,凉拌豆腐,83.2%,0.01,120,10,8,5
img-217-7462t1.jpg,凉拌豆腐,99.9%,0.01,120,10,8,5
img-217-7477t2.jpg,凉拌豆腐,99.5%,0.01,120,10,8,5
img-217-7496t1.jpg,凉拌豆腐,100.0%,0.01,120,10,8,5
img-217-7510t2.jpg,凉拌豆腐,96.9%,0.01,120,10,8,5
img-218-7554t2.jpg,冰淇淋杯,62.1%,0.01,200,4,10,25
img-218-7607t1.jpg,春卷,98.8%,0.01,200,6,12,18
img-219-7639t2.jpg,凉拌面,50.1%,0.01,300,10,12,40
img-219-7695t1.jpg,凉拌面,99.9%,0.01,300,10,12,40
img-219-7699t2.jpg,凉拌面,97.1%,0.01,300,10,12,40
img-22-10150t2.jpg,炖豆腐,53.6%,0.01,150,12,8,10
img-22-10762t1.jpg,中式炒菜,96.6%,0.01,200,12,10,15
img-220-13734t1.jpg,小炒肉,100.0%,0.01,280,20,20,8
img-220-7749t1.jpg,小炒肉,97.0%,0.01,280,20,20,8
img-220-7803t2.jpg,小炒肉,100.0%,0.01,280,20,20,8
img-221-7871t2.jpg,红烧肉,87.3%,0.01,450,25,35,10
img-221-7933t1.jpg,红烧肉,99.8%,0.01,450,25,35,10
img-222-14400t2.jpg,炒莲藕,95.2%,0.01,120,3,5,18
img-222-7955t2.jpg,炒莲藕,92.5%,0.01,120,3,5,18
img-222-7981t1.jpg,炒莲藕,99.9%,0.01,120,3,5,18
img-223-14795t1.jpg,日式丼饭,100.0%,0.01,550,30,20,50
img-223-16117t2.jpg,日式丼饭,98.5%,0.01,550,30,20,50
img-223-8083t1.jpg,日式丼饭,100.0%,0.01,550,30,20,50
img-223-8120t2.jpg,日式丼饭,84.9%,0.01,550,30,20,50
img-224-14839t1.jpg,蛋包饭,39.5%,0.01,450,20,15,55
img-224-8163t1.jpg,海鲜炒饭,99.9%,0.01,400,20,15,45
img-224-8186t2.jpg,牛肉汤,58.6%,0.01,150,20,8,5
img-225-10892t1.jpg,奶油蘑菇汤,61.0%,0.01,180,6,14,10
img-225-8302t2.jpg,鲷鱼烧,98.3%,0.01,180,5,6,28
img-226-10798t1.jpg,红烧虾仁,100.0%,0.01,200,25,10,8
img-226-8357t2.jpg,红烧虾仁,99.6%,0.01,200,25,10,8
img-226-8408t1.jpg,红烧虾仁,99.7%,0.01,200,25,10,8
img-226-8430t2.jpg,红烧虾仁,98.9%,0.01,200,25,10,8
img-227-762t2.jpg,海鲜炒饭,98.3%,0.01,400,20,15,45
img-228-8444t1.jpg,烤鸡,99.8%,0.01,250,30,12,2
img-228-8485t2.jpg,烤鸡,99.3%,0.01,250,30,12,2
img-228-8509t1.jpg,烤餐包,35.6%,0.01,150,5,4,25
img-228-8532t2.jpg,烤鸡,100.0%,0.01,250,30,12,2
img-229-13969t2.jpg,玉子烧,77.6%,0.01,150,12,10,5
img-229-8554t1.jpg,鲜虾云吞,55.2%,0.01,300,20,12,30
img-229-8588t2.jpg,鲜虾云吞,99.8%,0.01,300,20,12,30
img-229-8607t1.jpg,鲜虾云吞,86.7%,0.01,300,20,12,30
img-23-13101t2.jpg,五花肉炒白菜,98.5%,0.01,380,18,28,12
img-230-14334t1.jpg,蛋包饭,99.9%,0.01,450,20,15,55
img-230-8682t1.jpg,蛋包饭,99.6%,0.01,450,20,15,55
img-230-8720t2.jpg,蛋包饭,75.0%,0.01,450,20,15,55
img-231-13612t2.jpg,日式咖喱饭,99.7%,0.01,500,25,20,60
img-231-8757t2.jpg,炸酱面,70.7%,0.01,450,20,20,50
img-231-8800t1.jpg,日式咖喱饭,99.9%,0.01,500,25,20,60
img-232-8847t1.jpg,盖浇面,100.0%,0.01,450,20,18,50
img-232-8895t2.jpg,盖浇面,100.0%,0.01,450,20,18,50
img-232-8918t1.jpg,盖浇面,100.0%,0.01,450,20,18,50
img-233-10910t1.jpg,炸虾,100.0%,0.01,220,15,12,15
img-233-8993t2.jpg,炸虾,99.2%,0.01,220,15,12,15
img-234-11738t2.jpg,综合蔬菜汤,53.9%,0.01,80,3,1,14
img-234-11783t1.jpg,蔬菜沙拉,98.6%,0.01,90,3,5,8
img-234-11823t2.jpg,蔬菜沙拉,99.0%,0.01,90,3,5,8
img-235-11850t1.jpg,卤肉饭,31.3%,0.01,600,25,30,55
img-235-11900t2.jpg,炒菠菜,39.7%,0.01,80,5,4,8
img-235-12385t1.jpg,蔬菜沙拉,85.9%,0.01,90,3,5,8
img-235-14027t2.jpg,蔬菜沙拉,98.7%,0.01,90,3,5,8
img-235-14544t1.jpg,蔬菜沙拉,97.9%,0.01,90,3,5,8
img-235-15366t2.jpg,蔬菜沙拉,97.6%,0.01,90,3,5,8
img-236-11976t1.jpg,蔬菜沙拉,42.7%,0.01,90,3,5,8
img-236-12012t2.jpg,土豆沙拉,93.5%,0.01,150,4,8,15
img-236-12513t1.jpg,土豆沙拉,97.2%,0.01,150,4,8,15
img-237-12085t2.jpg,蔬菜汤,100.0%,0.01,80,3,2,12
img-237-12125t1.jpg,蔬菜汤,99.9%,0.01,80,3,2,12
img-238-11227t2.jpg,蛋炒饭,94.8%,0.01,400,15,12,55
img-238-15692t1.jpg,蛋炒饭,70.8%,0.01,400,15,12,55
img-238-803t2.jpg,蛋炒饭,69.9%,0.01,400,15,12,55
img-238-825t1.jpg,蛋炒饭,97.9%,0.01,400,15,12,55
img-239-12190t2.jpg,排骨汤,99.9%,0.01,150,15,8,5
img-239-12222t1.jpg,排骨汤,29.7%,0.01,150,15,8,5
img-24-22561t1.jpg,意大利烩饭,99.8%,0.01,400,14,16,50
img-24-77996t2.jpg,炒饭,81.8%,0.01,400,12,15,55
img-24-79262t1.jpg,意大利烩饭,94.6%,0.01,400,14,16,50
img-24-79752t2.jpg,意大利烩饭,78.8%,0.01,400,14,16,50
img-240-11483t2.jpg,日式丼饭,63.2%,0.01,550,30,20,50
img-240-12303t1.jpg,蛋花汤,100.0%,0.01,60,4,3,4
img-240-12364t2.jpg,牛肉汤,43.9%,0.01,150,20,8,5
img-240-15560t1.jpg,韩式部队火锅,99.7%,0.01,480,25,30,35
img-241-12372t2.jpg,日式牛肉饭,100.0%,0.01,600,35,25,55
img-241-12437t1.jpg,日式牛肉饭,100.0%,0.01,600,35,25,55
img-241-15038t2.jpg,日式牛肉饭,40.3%,0.01,600,35,25,55
img-241-15907t1.jpg,日式牛肉饭,96.7%,0.01,600,35,25,55
img-242-13278t2.jpg,凉拌土豆丝,100.0%,0.01,100,2,5,12
img-242-13317t1.jpg,凉拌土豆丝,79.9%,0.01,100,2,5,12
img-242-13365t2.jpg,凉拌土豆丝,98.1%,0.01,100,2,5,12
img-243-12528t1.jpg,日式咖喱饭,55.1%,0.01,500,25,20,60
img-243-14924t2.jpg,日式饭团,45.7%,0.01,150,4,2,30
img-243-16699t1.jpg,烤牛排,69.1%,0.01,300,35,18,0
img-244-12697t2.jpg,吐司披萨,100.0%,0.01,280,12,10,35
img-244-12760t1.jpg,吐司披萨,99.8%,0.01,280,12,10,35
img-245-12808t2.jpg,手擀面,99.9%,0.01,300,10,5,55
img-245-12841t1.jpg,手擀面,99.9%,0.01,300,10,5,55
img-246-13493t2.jpg,热狗,99.9%,0.01,300,10,18,25
img-246-13508t1.jpg,热狗,72.3%,0.01,300,10,18,25
img-246-14954t2.jpg,热狗,100.0%,0.01,300,10,18,25
img-247-11365t1.jpg,盖浇面,78.6%,0.01,450,20,18,50
img-247-12969t2.jpg,炸薯条,100.0%,0.01,320,4,15,40
img-247-12982t1.jpg,炸薯条,99.8%,0.01,320,4,15,40
img-247-15513t2.jpg,手擀面,50.1%,0.01,300,10,5,55
img-248-12568t1.jpg,排骨汤,73.2%,0.01,150,15,8,5
img-248-12604t2.jpg,蔬菜炒饭,99.9%,0.01,350,10,12,45
img-248-12631t1.jpg,蔬菜炒饭,74.3%,0.01,350,10,12,45
img-248-12647t2.jpg,蔬菜炒饭,100.0%,0.01,350,10,12,45
img-248-16266t1.jpg,蔬菜炒饭,65.7%,0.01,350,10,12,45
img-249-12872t1.jpg,咖喱牛肉饭,94.1%,0.01,500,25,20,55
img-249-13860t2.jpg,草莓蛋糕,39.9%,0.01,280,4,15,32
img-249-15777t1.jpg,印尼什锦饭,78.0%,0.01,350,15,12,45
img-249-523t2.jpg,咖喱牛肉饭,99.8%,0.01,500,25,20,55
img-249-568t1.jpg,咖喱牛肉饭,98.0%,0.01,500,25,20,55
img-249-579t2.jpg,咖喱牛肉饭,100.0%,0.01,500,25,20,55
img-25-11715t2.jpg,炒豆芽,99.7%,0.01,80,4,3,10
img-25-185225t1.jpg,炒豆芽,100.0%,0.01,80,4,3,10
img-25-185566t2.jpg,炒豆芽,43.1%,0.01,80,4,3,10
img-25-8545t1.jpg,炒豆芽,100.0%,0.01,80,4,3,10
img-250-1040t2.jpg,石锅拌饭,100.0%,0.01,550,20,18,70
img-250-1061t1.jpg,石锅拌饭,97.8%,0.01,550,20,18,70
img-250-16752t2.jpg,石锅拌饭,85.4%,0.01,550,20,18,70
img-251-16267t1.jpg,中式点心,89.1%,0.01,250,4,10,35
img-251-452t1.jpg,意大利面,39.3%,0.01,350,15,10,50
img-251-468t2.jpg,焗饭,99.9%,0.01,450,20,25,35
img-252-147t2.jpg,羊肉串,96.7%,0.01,250,20,18,2
img-252-15481t1.jpg,日式鳗鱼饭,41.6%,0.01,650,28,25,75
img-252-165t1.jpg,日式鳗鱼饭,99.8%,0.01,650,28,25,75
img-252-178t2.jpg,日式鳗鱼饭,99.8%,0.01,650,28,25,75
img-253-10586t1.jpg,大米饭,99.8%,0.01,200,4,1,45
img-253-11649t2.jpg,大米饭,46.5%,0.01,200,4,1,45
img-253-13646t1.jpg,大米饭,97.7%,0.01,200,4,1,45
img-253-13755t2.jpg,大米饭,93.9%,0.01,200,4,1,45
img-253-14080t1.jpg,法棍,53.4%,0.01,290,11,2,58
img-253-14445t2.jpg,大米饭,80.8%,0.01,200,4,1,45
img-253-14880t1.jpg,综合蔬菜汤,74.7%,0.01,80,3,1,14
img-253-14t2.jpg,大米饭,77.7%,0.01,200,4,1,45
img-253-15259t2.jpg,凉拌豆腐,39.4%,0.01,120,10,8,5
img-253-15766t1.jpg,日式牛肉饭,87.5%,0.01,600,35,25,55
img-253-15973t2.jpg,大米饭,54.4%,0.01,200,4,1,45
img-253-16685t1.jpg,大米饭,100.0%,0.01,200,4,1,45
img-253-5077t2.jpg,大米饭,87.3%,0.01,200,4,1,45
img-253-91t1.jpg,大米饭,98.7%,0.01,200,4,1,45
img-254-10717t1.jpg,寿司,92.9%,0.01,200,8,3,35
img-254-637t2.jpg,寿司,99.7%,0.01,200,8,3,35
img-255-924t2.jpg,天妇罗盖饭,96.5%,0.01,600,25,25,65
img-255-9292t2.jpg,天妇罗盖饭,100.0%,0.01,600,25,25,65
img-255-995t1.jpg,天妇罗盖饭,100.0%,0.01,600,25,25,65
img-26-186823t2.jpg,日式什锦火锅,100.0%,0.01,300,20,15,20
img-26-19487t1.jpg,待定,35.4%,0.01,250,10,8,35
img-27-15466t1.jpg,法式吐司,95.6%,0.01,230,8,10,28
img-27-87259t2.jpg,法式吐司,99.8%,0.01,230,8,10,28
img-28-18606t1.jpg,面条,98.2%,0.01,280,9,2,55
img-28-186520t2.jpg,面条,99.9%,0.01,280,9,2,55
img-29-13979t1.jpg,番茄蔬菜汤,100.0%,0.01,90,3,2,16
img-29-73739t2.jpg,青椒炒肉,94.3%,0.01,220,18,15,8
img-3-2256t1.jpg,鸡蛋羹,99.0%,0.01,80,8,5,2
img-3-68984t2.jpg,鸡蛋羹,100.0%,0.01,80,8,5,2
img-3-69960t1.jpg,鸡蛋羹,83.3%,0.01,80,8,5,2
img-30-187731t2.jpg,炖菜,99.0%,0.01,180,10,8,15
img-30-187917t1.jpg,炖菜,70.0%,0.01,180,10,8,15
img-30-188074t2.jpg,炖菜,96.4%,0.01,180,10,8,15
img-30-20088t1.jpg,炖菜,93.0%,0.01,180,10,8,15
img-31-1241t1.jpg,可颂面包,58.2%,0.01,270,5,16,25
img-31-1289t2.jpg,可颂面包,100.0%,0.01,270,5,16,25
img-32-97799t1.jpg,炸鸡块,99.9%,0.01,300,20,18,15
img-32-97978t2.jpg,红烧肉,31.1%,0.01,450,25,35,10
img-33-187370t2.jpg,牛肉馅,100.0%,0.01,250,26,15,0
img-33-187597t1.jpg,肠粉,48.2%,0.01,150,5,4,25
img-33-25467t1.jpg,牛肉馅,100.0%,0.01,250,26,15,0
img-34-132861t1.jpg,玉子烧,24.9%,0.01,150,12,10,5
img-34-16743t2.jpg,法棍,100.0%,0.01,290,11,2,58
img-35-188843t2.jpg,白米粥,97.7%,0.01,70,2,0,15
img-36-14470t1.jpg,日式鳗鱼饭,100.0%,0.01,650,28,25,75
img-36-189629t2.jpg,韩式石锅拌饭,75.4%,0.01,650,20,25,80
img-36-189972t1.jpg,日式鳗鱼饭,99.6%,0.01,650,28,25,75
img-37-191153t1.jpg,综合蔬菜汤,100.0%,0.01,80,3,1,14
img-37-89123t2.jpg,综合蔬菜汤,84.3%,0.01,80,3,1,14
img-38-189543t1.jpg,包子,63.0%,0.01,200,8,5,30
img-38-190269t2.jpg,豆腐汤,99.8%,0.01,100,8,5,6
img-38-25880t2.jpg,混沌,38.7%,0.01,300,15,12,35
img-39-191528t1.jpg,海苔,97.6%,0.01,35,6,1,5
img-39-192188t2.jpg,寿喜烧,75.2%,0.01,400,30,25,15
img-4-4074t1.jpg,蛋奶冻类甜品,96.8%,0.01,220,6,10,28
img-4-68064t2.jpg,鸡蛋羹,59.8%,0.01,80,8,5,2
img-4-978t2.jpg,蛋奶冻类甜品,100.0%,0.01,220,6,10,28
img-40-103023t1.jpg,炸豆皮寿司,100.0%,0.01,220,5,9,30
img-40-133978t2.jpg,炸豆皮寿司,96.1%,0.01,220,5,9,30
img-41-196341t2.jpg,炸肉饼,57.8%,0.01,280,15,18,20
img-41-196762t1.jpg,炸猪排饭,60.3%,0.01,750,35,40,60
img-41-35398t1.jpg,炸猪排饭,89.0%,0.01,750,35,40,60
img-42-1324t2.jpg,烤餐包,99.5%,0.01,150,5,4,25
img-42-1359t1.jpg,烤餐包,100.0%,0.01,150,5,4,25
img-43-198007t1.jpg,炒鸡蛋,93.8%,0.01,150,12,11,2
img-43-198599t2.jpg,炸猪排,60.3%,0.01,450,25,30,20
img-43-23294t2.jpg,炸猪排,93.1%,0.01,450,25,30,20
img-44-33079t1.jpg,炸牛排,47.8%,0.01,400,30,25,15
img-44-35695t2.jpg,炸牛排,57.5%,0.01,400,30,25,15
img-45-196024t1.jpg,炸鸡排,18.4%,0.01,350,22,20,18
img-45-41782t1.jpg,炸鸡排,100.0%,0.01,350,22,20,18
img-45-43824t2.jpg,烤香肠,49.8%,0.01,280,15,22,5
img-46-196944t1.jpg,炸肉饼,87.3%,0.01,280,15,18,20
img-46-197207t2.jpg,炸肉饼,98.2%,0.01,280,15,18,20
img-46-32956t2.jpg,红烧肉,66.0%,0.01,450,25,35,10
img-47-28549t1.jpg,牛排,86.4%,0.01,300,35,18,0
img-47-29664t2.jpg,牛排,100.0%,0.01,300,35,18,0
img-48-136087t2.jpg,泡芙,54.0%,0.01,250,4,16,22
img-48-48564t1.jpg,贝果,99.9%,0.01,250,10,2,48
img-49-139254t2.jpg,司康,99.6%,0.01,220,4,10,28
img-49-25414t1.jpg,灌汤包,48.5%,0.01,280,15,12,30
img-49-29173t2.jpg,司康,26.0%,0.01,220,4,10,28
img-49-89270t1.jpg,司康,100.0%,0.01,220,4,10,28
img-5-183202t1.jpg,韩式部队火锅,100.0%,0.01,480,25,30,35
img-50-140350t2.jpg,烤饼,24.2%,0.01,180,5,6,28
img-50-38109t1.jpg,烤饼,100.0%,0.01,180,5,6,28
img-51-32573t1.jpg,墨西哥卷饼,98.0%,0.01,300,12,10,40
img-51-97887t2.jpg,墨西哥卷饼,99.8%,0.01,300,12,10,40
img-52-103137t2.jpg,墨西哥玉米片,94.7%,0.01,150,3,8,18
img-52-143032t1.jpg,墨西哥玉米片,99.9%,0.01,150,3,8,18
img-52-37211t1.jpg,墨西哥玉米片,57.1%,0.01,150,3,8,18
img-53-1427t2.jpg,果干面包,100.0%,0.01,280,7,5,50
img-53-1447t1.jpg,果干面包,100.0%,0.01,280,7,5,50
img-53-1482t2.jpg,果干面包,100.0%,0.01,280,7,5,50
img-54-143434t2.jpg,苏格兰蛋,96.5%,0.01,320,20,22,10
img-54-37572t1.jpg,苏格兰蛋,99.6%,0.01,320,20,22,10
img-54-90686t2.jpg,月饼,95.1%,0.01,350,6,18,45
img-54-93266t1.jpg,苏格兰蛋,37.2%,0.01,320,20,22,10
img-55-92576t1.jpg,炒鸡蛋,100.0%,0.01,150,12,11,2
img-55-95858t2.jpg,炒鸡蛋,99.1%,0.01,150,12,11,2
img-56-197527t2.jpg,蔬菜芝士焗菜,89.7%,0.01,350,18,25,20
img-56-40643t1.jpg,蔬菜芝士焗菜,100.0%,0.01,350,18,25,20
img-57-100550t1.jpg,日式烧鸟,60.4%,0.01,180,20,10,5
img-57-143832t2.jpg,千层面,99.8%,0.01,400,25,20,30
img-57-144310t1.jpg,印尼鸡肉粥,67.4%,0.01,200,15,8,20
img-57-34692t1.jpg,千层面,99.4%,0.01,400,25,20,30
img-57-36772t2.jpg,千层面,100.0%,0.01,400,25,20,30
img-58-105653t2.jpg,奶油蔬菜汤,41.4%,0.01,180,6,12,12
img-58-144803t1.jpg,蔬菜沙拉,100.0%,0.01,90,3,5,8
img-59-108984t1.jpg,燕麦粥,98.2%,0.01,150,6,3,25
img-59-97824t2.jpg,炒五花肉,75.3%,0.01,350,20,28,8
img-6-5932t2.jpg,韩式石锅拌饭,100.0%,0.01,650,20,25,80
img-6-75182t1.jpg,韩式石锅拌饭,98.7%,0.01,650,20,25,80
img-6-75639t2.jpg,韩式石锅拌饭,98.5%,0.01,650,20,25,80
img-60-199043t2.jpg,饺子,96.2%,0.01,280,12,10,35
img-60-199379t1.jpg,饺子,100.0%,0.01,280,12,10,35
img-60-51684t2.jpg,饺子,38.0%,0.01,280,12,10,35
img-60-54661t1.jpg,饺子,99.9%,0.01,280,12,10,35
img-61-103449t2.jpg,红豆羹,99.6%,0.01,120,4,1,25
img-61-199054t1.jpg,红豆羹,97.6%,0.01,120,4,1,25
img-61-199540t2.jpg,红豆羹,98.6%,0.01,120,4,1,25
img-62-106156t1.jpg,芝士蛋糕,68.8%,0.01,320,6,22,25
img-62-106813t2.jpg,玛芬蛋糕,98.5%,0.01,350,5,18,42
img-63-107126t2.jpg,爆米花,100.0%,0.01,110,2,4,18
img-63-150808t1.jpg,爆米花,100.0%,0.01,110,2,4,18
img-63-36939t1.jpg,爆米花,57.2%,0.01,110,2,4,18
img-64-14537t1.jpg,热狗面包,74.1%,0.01,280,10,12,32
img-64-1510t2.jpg,热狗面包,96.1%,0.01,280,10,12,32
img-64-1572t1.jpg,西式风味盖饭,91.8%,0.01,500,25,20,55
img-64-9324t2.jpg,热狗面包,51.6%,0.01,280,10,12,32
img-65-110999t1.jpg,泡芙,99.4%,0.01,250,4,16,22
img-65-61024t2.jpg,草莓蛋糕,64.5%,0.01,280,4,15,32
img-66-108203t1.jpg,甜甜圈,96.4%,0.01,300,4,18,35
img-66-152885t2.jpg,甜甜圈,97.8%,0.01,300,4,18,35
img-66-50026t2.jpg,甜甜圈,100.0%,0.01,300,4,18,35
img-67-104645t1.jpg,派,99.2%,0.01,320,5,20,30
img-67-153774t2.jpg,肉馅卷饼,94.7%,0.01,280,15,15,25
img-68-112002t2.jpg,冰淇淋杯,96.5%,0.01,200,4,10,25
img-68-50016t1.jpg,冰淇淋杯,99.9%,0.01,200,4,10,25
img-69-170589t1.jpg,锅包肉,62.6%,0.01,380,25,20,25
img-69-47100t1.jpg,锅包肉,96.4%,0.01,380,25,20,25
img-69-47848t2.jpg,炸鸡,36.7%,0.01,350,25,20,15
img-7-10265t1.jpg,印尼什锦饭,53.4%,0.01,350,15,12,45
img-7-182961t2.jpg,肉酱盖饭,99.9%,0.01,600,26,20,75
img-7-184082t1.jpg,肉酱盖饭,99.9%,0.01,600,26,20,75
img-70-37330t2.jpg,羊肉串,100.0%,0.01,250,20,18,2
img-70-48863t1.jpg,羊肉串,49.7%,0.02,250,20,18,2
img-71-200826t2.jpg,地三鲜,99.8%,0.01,180,4,10,20
img-71-44836t2.jpg,地三鲜,96.4%,0.01,180,4,10,20
img-71-63771t1.jpg,地三鲜,100.0%,0.01,180,4,10,20
img-72-115919t1.jpg,北京烤鸭,96.7%,0.01,450,35,30,10
img-72-155320t2.jpg,北京烤鸭,100.0%,0.01,450,35,30,10
img-73-111491t2.jpg,白菜炖锅,41.1%,0.01,150,8,5,18
img-73-116124t1.jpg,白菜炖锅,99.9%,0.01,150,8,5,18
img-73-156479t2.jpg,牛肉汤面,84.8%,0.01,450,25,15,50
img-73-37010t1.jpg,白菜炖锅,49.1%,0.01,150,8,5,18
img-74-156826t1.jpg,东坡肉,99.9%,0.01,600,40,50,5
img-74-157662t2.jpg,东坡肉,98.5%,0.01,600,40,50,5
img-75-14499t2.jpg,汉堡,89.5%,0.01,550,30,30,40
img-75-1615t1.jpg,汉堡,99.9%,0.01,550,30,30,40
img-75-1647t2.jpg,热狗面包,67.9%,0.01,280,10,12,32
img-75-1667t1.jpg,汉堡,85.8%,0.01,550,30,30,40
img-75-1682t2.jpg,汉堡,52.7%,0.01,550,30,30,40
img-75-9317t1.jpg,汉堡,100.0%,0.01,550,30,30,40
img-76-123096t1.jpg,灌汤包,46.2%,0.01,280,15,12,30
img-76-158203t2.jpg,面条,22.0%,0.01,280,9,2,55
img-76-54285t1.jpg,灌汤包,97.0%,0.01,280,15,12,30
img-76-58845t2.jpg,灌汤包,61.9%,0.01,280,15,12,30
img-77-113173t1.jpg,月饼,99.2%,0.01,350,6,18,45
img-77-173206t2.jpg,日式豚骨拉面,79.6%,0.01,600,35,25,60
img-78-170974t2.jpg,蛋挞,100.0%,0.01,220,5,12,25
img-78-58589t1.jpg,蛋挞,100.0%,0.01,220,5,12,25
img-79-169367t1.jpg,牛肉拉面,97.9%,0.01,500,25,15,60
img-79-171798t2.jpg,牛肉拉面,99.7%,0.01,500,25,15,60
img-8-4402t2.jpg,什锦炒饭,99.9%,0.01,420,15,12,60
img-8-7937t1.jpg,什锦炒饭,99.8%,0.01,420,15,12,60
img-80-159310t2.jpg,草莓蛋糕,51.7%,0.01,280,4,15,32
img-80-172530t1.jpg,煎鸡胸肉,99.9%,0.01,200,30,8,2
img-80-175983t2.jpg,煎鸡胸肉,100.0%,0.01,200,30,8,2
img-80-54751t1.jpg,海鲜饭,50.7%,0.01,550,30,18,65
img-81-175994t2.jpg,八宝饭,40.1%,0.01,300,6,5,60
img-81-176853t1.jpg,卤肉饭,99.9%,0.01,600,25,30,55
img-81-60622t1.jpg,卤肉饭,98.8%,0.01,600,25,30,55
img-82-114532t2.jpg,鱼丸汤,99.3%,0.01,150,15,8,10
img-82-172309t1.jpg,鱼丸汤,53.0%,0.01,150,15,8,10
img-82-173567t2.jpg,鱼丸汤,93.6%,0.01,150,15,8,10
img-83-109602t1.jpg,蚵仔煎,73.5%,0.01,280,12,15,25
img-83-176653t2.jpg,蚵仔煎,100.0%,0.01,280,12,15,25
img-84-174828t1.jpg,炒饭,70.3%,0.01,400,12,15,55
img-84-51212t1.jpg,蔬菜炒饭,50.2%,0.01,350,10,12,45
img-84-57953t2.jpg,照烧茄子,50.4%,0.01,150,5,8,18
img-85-174851t1.jpg,萝卜糕,100.0%,0.01,180,3,8,25
img-85-50112t2.jpg,萝卜糕,93.0%,0.01,180,3,8,25
img-86-15674t1.jpg,蔬菜芝士焗菜,58.7%,0.01,350,18,25,20
img-86-1693t2.jpg,披萨,98.1%,0.01,300,15,12,35
img-86-1737t1.jpg,披萨,99.1%,0.01,300,15,12,35
img-86-1776t2.jpg,披萨,99.5%,0.01,300,15,12,35
img-87-124857t1.jpg,泡芙,55.0%,0.01,250,4,16,22
img-87-177121t2.jpg,臭豆腐,99.8%,0.01,250,12,18,10
img-87-61971t2.jpg,臭豆腐,100.0%,0.01,250,12,18,10
img-88-178836t1.jpg,中式甜品,99.6%,0.01,280,4,10,45
img-88-306146t2.jpg,中式甜品,100.0%,0.01,280,4,10,45
img-89-164556t1.jpg,叻沙,98.7%,0.01,450,20,25,40
img-89-308790t2.jpg,叻沙,85.9%,0.01,450,20,25,40
img-9-167233t2.jpg,海鲜炒饭,54.9%,0.01,400,20,15,45
img-9-183343t1.jpg,番茄汤饭,55.3%,0.01,300,8,10,45
img-9-5207t2.jpg,炒方便面,60.3%,0.01,420,10,18,50
img-9-68934t1.jpg,蔬菜炒饭,90.9%,0.01,350,10,12,45
img-90-182327t1.jpg,奶油蔬菜汤,59.6%,0.01,180,6,12,12
img-90-306732t2.jpg,印尼什锦饭,48.4%,0.01,350,15,12,45
img-90-308167t1.jpg,青木瓜沙拉,49.6%,0.01,80,2,4,10
img-91-120908t2.jpg,青木瓜沙拉,99.9%,0.01,80,2,4,10
img-91-180805t1.jpg,青木瓜沙拉,100.0%,0.01,80,2,4,10
img-91-307940t2.jpg,青木瓜沙拉,99.9%,0.01,80,2,4,10
img-92-172318t1.jpg,鸡肉饭,99.9%,0.01,400,25,12,45
img-92-307463t2.jpg,鸡肉饭,98.0%,0.01,400,25,12,45
img-93-178566t2.jpg,牛肉汤面,42.9%,0.01,450,25,15,50
img-93-308765t1.jpg,咖喱海鲜汤,100.0%,0.01,200,15,10,15
img-93-49290t1.jpg,咖喱海鲜汤,99.3%,0.01,200,15,10,15
img-94-130025t2.jpg,泰式绿咖喱,51.0%,0.01,450,18,32,20
img-94-209294t1.jpg,荷塘小炒,97.1%,0.01,120,5,4,18
img-94-210306t2.jpg,待定,46.9%,0.01,250,10,8,35
img-95-210169t2.jpg,小炒牛肉,99.9%,0.01,280,25,18,8
img-95-63373t1.jpg,小炒牛肉,100.0%,0.01,280,25,18,8
img-96-215799t2.jpg,西式风味盖饭,31.7%,0.01,500,25,20,55
img-96-309980t1.jpg,沙嗲,99.9%,0.01,200,20,12,5
img-96-64527t1.jpg,沙嗲,96.7%,0.01,200,20,12,5
img-97-14475t2.jpg,三明治,100.0%,0.01,350,15,15,35
img-97-1814t2.jpg,三明治,97.6%,0.01,350,15,15,35
img-97-1861t1.jpg,三明治,92.9%,0.01,350,15,15,35
img-98-135272t1.jpg,风味凉拌菜,78.6%,0.01,90,3,5,8
img-98-217206t2.jpg,风味凉拌菜,32.4%,0.01,90,3,5,8
img-99-177308t1.jpg,蔬菜沙拉,54.3%,0.01,90,3,5,8
img-99-219912t2.jpg,咖喱面,99.9%,0.01,450,18,20,50
img-99-312556t1.jpg,麻婆豆腐,88.6%,0.01,200,12,12,10
